INSERT INTO `disciplina` (`descripcion`)
VALUES ('Futbol'),
       ('Rugby'),
       ('Basquet'),
       ('Tae Kwon Do'),
       ('Karate'),
       ('Patinaje Artistico'),
       ('Tela'),
       ('Tenis'),
       ('Yoga');


INSERT INTO Dificultad (descripcion)
VALUES ('Fácil'),
       ('Moderado'),
       ('Difícil');

INSERT INTO Lugar (latitud, longitud, nombre)
VALUES (-34.67083488394646, -58.55652120937626, 'MegaFutbol San Justo'),
       (-34.67270969031318, -58.59539434532524, 'MegaStadium Villa Luzuriaga'),
       (-34.61698695925679, -58.588101072316256, 'S.I.T.A.S. Palomar'),
       (-34.67075717026018, -58.56264102036645, 'UNLaM San Justo'),
       (-34.64400742064891, -58.53765797600798, 'Nolting Ciudadela'),
       (-34.635936013884965, -58.56479496028325, 'Lawn Tennis Club'),
       (-34.63804888188846, -58.555298739217605, 'Estudiantil Porteño'),
       (-34.67075717026018, -58.56264102036645, 'UNLaM San Justo'),
       (-34.66069173140159, -58.560084219930346, 'Don Bosco'),
       (-34.66075962468189, -58.66835936066649, 'Club Atletico Ituzaingo'),
       (-34.6340947259959, -58.5717152132063, 'Entre Cielo y Tierra'),
       (-34.63804888188846, -58.555298739217605, 'Estudiantil Porteño'),
       (-34.66170062795537, -58.631272602996056, 'Club Moron'),
       (-34.64830311516806, -58.57334286051536, 'Aromos Tenis'),
       (-34.65091561613024, -58.55015091325657, 'Club de Tenis'),
       (-34.642378271244255, -58.56393373183208, 'Yoga Markandeya'),
       (-34.64464667022298, -58.56772637526646, 'Shanti Yoga');

INSERT INTO `detalle` (`capacidad`, `hora_fin`, `hora_inicio`)
VALUES (15, '2023-06-08 10:30:00.000000', '2023-06-08 09:00:00.000000'),
       (10, '2023-06-08 12:30:00.000000', '2023-06-08 11:00:00.000000'),
       (20, '2023-06-08 14:30:00.000000', '2023-06-08 13:00:00.000000'),
       (12, '2023-06-08 16:30:00.000000', '2023-06-08 15:00:00.000000'),
       (14, '2023-06-08 18:30:00.000000', '2023-06-08 17:00:00.000000'),
       (16, '2023-06-08 20:30:00.000000', '2023-06-08 19:00:00.000000'),
       (10, '2023-06-09 11:30:00.000000', '2023-06-09 10:00:00.000000'),
       (20, '2023-06-09 13:30:00.000000', '2023-06-09 12:00:00.000000'),
       (15, '2023-06-09 15:30:00.000000', '2023-06-09 14:00:00.000000'),
       (25, '2023-06-09 17:30:00.000000', '2023-06-09 16:00:00.000000'),
       (23, '2023-06-09 17:30:00.000000', '2023-06-09 16:00:00.000000'),
       (15, '2023-06-09 17:30:00.000000', '2023-06-09 16:00:00.000000'),
       (16, '2023-06-09 17:30:00.000000', '2023-06-09 16:00:00.000000'),
       (18, '2023-06-09 17:30:00.000000', '2023-06-09 16:00:00.000000'),
       (16, '2023-06-09 17:30:00.000000', '2023-06-09 16:00:00.000000'),
       (10, '2023-06-08 12:30:00.000000', '2023-06-08 11:00:00.000000'),
       (20, '2023-06-08 14:30:00.000000', '2023-06-08 13:00:00.000000');


INSERT INTO Rol (id_rol, descripcion)
VALUES (1, 'admin'),
       (2, 'alumno'),
       (3, 'profesor');

INSERT INTO `usuario` (`id`, `activo`, `email`, `name`, `password`, `rol_id_rol`, `age`)
VALUES (1, 1, 'alumno@gmail.com', 'Ruben Moreira', '1234', 2, 40),
       (2, 1, 'profesor@gmail.com', 'German Mazza Gentile', '1234', 3, 30);

INSERT INTO `estado` (`id_estado`, `descripcion`)
VALUES (1, "PENDIENTE"),
       (2, "EN_CURSO"),
       (3, "FINALIZADA"),
       (4, "CANCELADA");

INSERT INTO `clase` (`id_clase`, `fecha_baja`, `fecha`, `fecha_alta`, `edad_maxima`, `edad_minima`, `nombre`,
                     `detail_id_detalle`, `difficulty_id_dificultad`,
                     `discipline_id_disciplina`, `place_id_lugar`, `professor_id`, `state_id_estado`)
VALUES (1, null, '2023-08-01 09:00:00.000000', '2023-06-01 10:00:00.000000', 99, 0, 'Futbol 5', 1, 1, 1, 1, 2, 1),
       (2, null, '2023-08-02 09:00:00.000000', '2023-06-02 10:00:00.000000', 99, 0, 'Futbol 11', 2, 2, 1, 2, 2, 1),
       (3, null, '2023-08-03 09:00:00.000000', '2023-06-03 10:00:00.000000', 99, 0, 'Rugby 7', 3, 3, 2, 3, 2, 1),
       (4, '2023-06-03 09:00:00.000000', '2023-06-04 09:00:00.000000', '2023-06-04 10:00:00.000000', 99, 0, 'Rugby', 4,
        1, 2, 4, 2, 4),
       (5, null, '2023-08-05 09:00:00.000000', '2023-06-05 10:00:00.000000', 99, 0, 'Baloncesto 3x3', 5, 2, 3, 5, 2, 1),
       (6, null, '2023-07-13 09:00:00.000000', '2023-06-06 10:00:00.000000', 99, 0, 'Taekwondo', 6, 3, 4, 6, 2, 2),
       (7, null, '2023-06-07 09:00:00.000000', '2023-06-07 10:00:00.000000', 99, 0, 'Shotokan', 7, 1, 5, 7, 2, 3),
       (8, '2023-06-03 09:00:00.000000', '2023-06-08 09:00:00.000000', '2023-06-08 10:00:00.000000', 99, 0,
        'Gensei-ryu', 8, 2, 5, 8, 2, 4),
       (9, null, '2023-06-09 09:00:00.000000', '2023-06-09 10:00:00.000000', 99, 0, 'Escuela', 9, 3, 6, 9, 2, 3),
       (10, '2023-06-03 09:00:00.000000', '2023-06-10 09:00:00.000000', '2023-06-10 10:00:00.000000', 99, 0, 'Patin',
        10, 1, 6, 10, 2, 4),
       (11, null, '2023-08-11 09:00:00.000000', '2023-06-11 10:00:00.000000', 99, 0, 'Trapecio', 11, 2, 7, 11, 2, 1),
       (12, null, '2023-07-13 09:00:00.000000', '2023-06-12 10:00:00.000000', 99, 0, 'Aro', 12, 3, 7, 12, 2, 2),
       (13, null, '2023-06-13 09:00:00.000000', '2023-06-13 10:00:00.000000', 99, 0, 'Tela', 13, 1, 7, 13, 2, 3),
       (14, '2023-06-03 09:00:00.000000', '2023-06-14 09:00:00.000000', '2023-06-14 10:00:00.000000', 99, 0,
        'Tenis (Dobles)', 14, 2, 8, 14, 2,
        4),
       (15, null, '2023-06-15 09:00:00.000000', '2023-06-15 10:00:00.000000', 99, 0, 'Tenis (Single)', 15, 3, 8, 15, 2,
        1),
       (16, null, '2023-07-13 09:00:00.000000', '2023-06-16 10:00:00.000000', 99, 0, 'Vinyasa ', 16, 1, 9, 16, 2, 2),
       (17, null, '2023-06-17 09:00:00.000000', '2023-06-17 10:00:00.000000', 99, 0, 'Ashtanga ', 17, 2, 9, 17, 2, 3);

INSERT INTO `alumnoclase` (`calification_id_calificacion`, `lesson_id_clase`, `user_id`)
VALUES (null, 1, 1),
       (null, 2, 1),
       (null, 3, 1),
       (null, 7, 1),
       (null, 9, 1),
       (null, 13, 1);

INSERT INTO `preferencias` (`discipline_id_disciplina`, `user_id`)
VALUES (1, 1),
       (2, 1),
       (3, 1),
       (4, 1),
       (5, 1),
       (6, 1),
       (7, 1);

INSERT INTO `calificacion` (`descripcion`, `puntaje`, `lesson_id_clase`, `user_id`)
VALUES ("Muy Buena", 5, 1, 1),
       ("Excelente", 2, 2, 4),
       ("Muy Buena", 3, 3, 1),
       ("Maso", 4, 4, 4),
       ("Muy Buena", 5, 5, 1),
       ("Muy Buena", 1, 6, 4),
       ("Mala", 5, 7, 1),
       ("Good", 3, 8, 4);